date,open,high,low,close,pre_close,change,pct_chg,vol,amount
20230103,1.146,1.148,1.12,1.13,1.147,-0.017,-1.4821,285595.09,32237.253
20230104,1.126,1.138,1.118,1.129,1.13,-0.001,-0.0885,216138.38,24381.954
20230105,1.136,1.185,1.134,1.182,1.129,0.053,4.6944,893274.35,104596.989
20230106,1.183,1.192,1.168,1.187,1.182,0.005,0.423,395447.46,46683.781
20230109,1.19,1.223,1.182,1.219,1.187,0.032,2.6959,515890.35,62274.819
20230110,1.216,1.236,1.21,1.225,1.219,0.006,0.4922,367595.0,45007.182
20230111,1.224,1.228,1.208,1.219,1.225,-0.006,-0.4898,305984.03,37292.508
20230112,1.219,1.229,1.209,1.212,1.219,-0.007,-0.5742,291291.03,35379.112
20230113,1.21,1.249,1.21,1.246,1.212,0.034,2.8053,536735.5,66394.65
20230116,1.246,1.288,1.246,1.272,1.246,0.026,2.0867,578777.92,73780.775
20230117,1.272,1.274,1.247,1.256,1.272,-0.016,-1.2579,432562.4,54464.591
20230118,1.257,1.275,1.244,1.247,1.256,-0.009,-0.7166,334248.92,41914.935
20230119,1.246,1.249,1.226,1.242,1.247,-0.005,-0.401,326386.24,40407.784
20230120,1.249,1.262,1.231,1.236,1.242,-0.006,-0.4831,319135.64,39727.419
20230130,1.259,1.267,1.238,1.258,1.236,0.022,1.7799,458238.12,57541.252
20230131,1.256,1.262,1.22,1.224,1.258,-0.034,-2.7027,399098.91,49320.293
20230201,1.222,1.23,1.204,1.23,1.224,0.006,0.4902,332752.37,40541.572
20230202,1.236,1.247,1.224,1.237,1.23,0.007,0.5691,308699.82,38185.033
20230203,1.226,1.234,1.192,1.23,1.237,-0.007,-0.5659,476046.82,57675.677
20230206,1.206,1.214,1.183,1.205,1.23,-0.025,-2.0325,342870.95,41122.637
20230207,1.205,1.216,1.2,1.203,1.205,-0.002,-0.166,182359.25,21983.744
20230208,1.206,1.209,1.189,1.195,1.203,-0.008,-0.665,187558.21,22468.735
20230209,1.194,1.23,1.19,1.23,1.195,0.035,2.9289,458908.02,56050.312
20230210,1.228,1.241,1.221,1.234,1.23,0.004,0.3252,355064.58,43766.568
20230213,1.23,1.288,1.229,1.279,1.234,0.045,3.6467,784211.92,99820.904
20230214,1.279,1.291,1.265,1.271,1.279,-0.008,-0.6255,332268.81,42338.764
20230215,1.273,1.285,1.267,1.273,1.271,0.002,0.1574,290415.85,36993.642
20230216,1.27,1.297,1.262,1.278,1.273,0.005,0.3928,482522.79,61915.12
20230217,1.274,1.297,1.263,1.265,1.278,-0.013,-1.0172,320443.51,41047.67
20230220,1.262,1.291,1.255,1.29,1.265,0.025,1.9763,327290.82,41767.242
20230221,1.289,1.29,1.266,1.275,1.29,-0.015,-1.1628,292297.27,37203.259
20230222,1.27,1.285,1.263,1.27,1.275,-0.005,-0.3922,227568.16,28970.5
20230223,1.269,1.277,1.251,1.259,1.27,-0.011,-0.8661,219285.36,27642.023
20230224,1.254,1.255,1.23,1.242,1.259,-0.017,-1.3503,241250.37,29896.564
20230227,1.23,1.258,1.228,1.251,1.242,0.009,0.7246,272338.8,33974.719
20230228,1.254,1.26,1.236,1.25,1.251,-0.001,-0.0799,183620.44,22871.645
20230301,1.248,1.267,1.239,1.261,1.25,0.011,0.88,228978.37,28768.786
20230302,1.26,1.264,1.253,1.257,1.261,-0.004,-0.3172,116951.12,14702.193
20230303,1.257,1.272,1.243,1.253,1.257,-0.004,-0.3182,163124.02,20451.013
20230306,1.253,1.26,1.235,1.247,1.253,-0.006,-0.4789,164409.88,20485.974
20230307,1.244,1.247,1.225,1.227,1.247,-0.02,-1.6038,193217.9,23867.606
20230308,1.223,1.231,1.212,1.221,1.227,-0.006,-0.489,162235.09,19781.421
20230309,1.221,1.224,1.196,1.213,1.221,-0.008,-0.6552,213088.6,25787.786
20230310,1.208,1.218,1.195,1.196,1.213,-0.017,-1.4015,158796.96,19104.918
20230313,1.193,1.22,1.193,1.215,1.196,0.019,1.5886,206893.16,25105.542
20230314,1.215,1.215,1.19,1.202,1.215,-0.013,-1.07,286837.42,34504.216
20230315,1.21,1.216,1.189,1.19,1.202,-0.012,-0.9983,208263.68,24963.389
20230316,1.187,1.203,1.178,1.19,1.19,0.0,0.0,196162.54,23374.457
20230317,1.193,1.201,1.17,1.174,1.19,-0.016,-1.3445,225083.87,26608.007
20230320,1.169,1.174,1.153,1.16,1.174,-0.014,-1.1925,171767.34,19918.486
20230321,1.162,1.194,1.157,1.19,1.16,0.03,2.5862,331633.4,39163.18
20230322,1.192,1.208,1.185,1.194,1.19,0.004,0.3361,207520.67,24835.831
20230323,1.188,1.214,1.182,1.202,1.194,0.008,0.67,262539.67,31591.54
20230324,1.199,1.215,1.196,1.204,1.202,0.002,0.1664,212021.55,25569.954
20230327,1.207,1.207,1.183,1.194,1.204,-0.01,-0.8306,193098.84,23029.199
20230328,1.191,1.217,1.191,1.214,1.194,0.02,1.675,273482.5,33084.403
20230329,1.219,1.225,1.209,1.223,1.214,0.009,0.7414,248339.66,30278.783
20230330,1.222,1.236,1.213,1.234,1.223,0.011,0.8994,265482.88,32572.45
20230331,1.238,1.252,1.227,1.232,1.234,-0.002,-0.1621,306767.59,37983.492
20230403,1.228,1.237,1.215,1.228,1.232,-0.004,-0.3247,276416.97,33903.87
20230404,1.223,1.239,1.217,1.236,1.228,0.008,0.6515,252403.53,30991.19
20230406,1.231,1.234,1.209,1.211,1.236,-0.025,-2.0227,241166.53,29369.822
20230407,1.205,1.218,1.19,1.201,1.211,-0.01,-0.8258,337588.77,40685.791
20230410,1.195,1.196,1.162,1.183,1.201,-0.018,-1.4988,474766.11,55648.518
20230411,1.181,1.182,1.161,1.162,1.183,-0.021,-1.7751,407504.36,47584.841
20230412,1.166,1.17,1.149,1.15,1.162,-0.012,-1.0327,365065.53,42111.175
20230413,1.14,1.149,1.131,1.144,1.15,-0.006,-0.5217,384453.2,43914.796
20230414,1.141,1.148,1.128,1.13,1.144,-0.014,-1.2238,377883.18,42910.342
20230417,1.135,1.153,1.135,1.146,1.13,0.016,1.4159,356787.85,40918.422
20230418,1.146,1.153,1.141,1.148,1.146,0.002,0.1745,231237.23,26530.735
20230419,1.148,1.149,1.136,1.141,1.148,-0.007,-0.6098,195714.91,22318.085
20230420,1.141,1.144,1.122,1.126,1.141,-0.015,-1.3146,265253.49,29960.831
20230421,1.125,1.134,1.118,1.119,1.126,-0.007,-0.6217,203733.43,22915.718
20230424,1.12,1.12,1.096,1.098,1.119,-0.021,-1.8767,271323.81,29952.073
20230425,1.107,1.119,1.09,1.114,1.098,0.016,1.4572,358077.65,39646.704
20230426,1.117,1.12,1.104,1.114,1.114,0.0,0.0,191193.29,21258.246
20230427,1.115,1.124,1.103,1.116,1.114,0.002,0.1795,208688.55,23230.955
20230428,1.123,1.132,1.118,1.125,1.116,0.009,0.8065,216741.27,24400.53
20230504,1.129,1.137,1.107,1.113,1.125,-0.012,-1.0667,255047.93,28526.347
20230505,1.112,1.121,1.106,1.12,1.113,0.007,0.6289,190312.92,21218.224
20230508,1.122,1.126,1.107,1.108,1.12,-0.012,-1.0714,205186.24,22847.324
20230509,1.108,1.124,1.1,1.113,1.108,0.005,0.4513,275386.49,30660.531
20230510,1.111,1.112,1.098,1.103,1.113,-0.01,-0.8985,149231.4,16471.061
20230511,1.103,1.11,1.096,1.097,1.103,-0.006,-0.544,192725.3,21217.721
20230512,1.096,1.101,1.081,1.083,1.097,-0.014,-1.2762,194365.81,21179.203
20230515,1.082,1.092,1.075,1.092,1.083,0.009,0.831,159304.21,17255.996
20230516,1.093,1.094,1.079,1.082,1.092,-0.01,-0.9158,231920.84,25116.981
20230517,1.081,1.083,1.068,1.071,1.082,-0.011,-1.0166,197302.17,21192.479
20230518,1.074,1.078,1.062,1.064,1.071,-0.007,-0.6536,149553.46,15969.304
20230519,1.061,1.079,1.05,1.078,1.064,0.014,1.3158,295341.52,31529.96
20230522,1.073,1.109,1.062,1.105,1.078,0.027,2.5046,371093.39,40563.313
20230523,1.102,1.107,1.087,1.087,1.105,-0.018,-1.629,223467.57,24462.505
20230524,1.085,1.087,1.072,1.072,1.087,-0.015,-1.3799,165446.4,17866.1
20230525,1.071,1.071,1.059,1.063,1.072,-0.009,-0.8396,203231.57,21600.76
20230526,1.063,1.073,1.055,1.063,1.063,0.0,0.0,162696.59,17300.709
20230529,1.063,1.069,1.05,1.054,1.063,-0.009,-0.8467,182680.9,19298.388
20230530,1.052,1.061,1.036,1.042,1.054,-0.012,-1.1385,288951.29,30208.305
20230531,1.041,1.042,1.016,1.022,1.042,-0.02,-1.9194,312341.65,31998.028
20230601,1.02,1.046,1.019,1.027,1.022,0.005,0.4892,233586.08,24078.746
20230602,1.032,1.049,1.022,1.048,1.027,0.021,2.0448,285608.62,29699.552
20230605,1.042,1.047,1.025,1.026,1.048,-0.022,-2.0992,319020.29,32904.707
20230606,1.027,1.037,1.017,1.023,1.026,-0.003,-0.2924,225469.64,23167.65
20230607,1.024,1.03,1.008,1.009,1.023,-0.014,-1.3685,298033.92,30218.711
20230608,1.008,1.024,1.005,1.017,1.009,0.008,0.7929,169391.66,17165.302
20230609,1.021,1.024,1.011,1.012,1.017,-0.005,-0.4916,170780.34,17344.323
20230612,1.012,1.047,1.007,1.039,1.012,0.027,2.668,363080.33,37344.407
20230613,1.038,1.051,1.034,1.048,1.039,0.009,0.8662,242659.62,25332.75
20230614,1.049,1.08,1.049,1.075,1.048,0.027,2.5763,472229.01,50627.755
20230615,1.075,1.094,1.072,1.092,1.075,0.017,1.5814,387508.72,42019.383
20230616,1.095,1.107,1.089,1.103,1.092,0.011,1.0073,435204.08,47796.85
20230619,1.101,1.103,1.069,1.076,1.103,-0.027,-2.4479,364211.72,39434.114
20230620,1.071,1.08,1.059,1.063,1.076,-0.013,-1.2082,292431.93,31184.604
20230621,1.06,1.066,1.049,1.05,1.063,-0.013,-1.223,209055.16,22082.206
20230626,1.041,1.044,1.019,1.023,1.05,-0.027,-2.5714,331132.49,33982.4
20230627,1.027,1.035,1.017,1.035,1.023,0.012,1.173,251518.94,25906.522
20230628,1.035,1.045,1.027,1.037,1.035,0.002,0.1932,181779.31,18834.348
20230629,1.037,1.037,1.018,1.02,1.037,-0.017,-1.6393,265713.34,27178.136
20230630,1.023,1.025,1.012,1.014,1.02,-0.006,-0.5882,319012.54,32450.75
20230703,1.016,1.042,1.011,1.041,1.014,0.027,2.6627,342087.83,35302.769
20230704,1.041,1.049,1.032,1.048,1.041,0.007,0.6724,247148.84,25785.508
20230705,1.044,1.048,1.027,1.03,1.048,-0.018,-1.7176,248155.84,25593.892
20230706,1.029,1.039,1.02,1.023,1.03,-0.007,-0.6796,192629.68,19773.858
20230707,1.021,1.027,1.016,1.019,1.023,-0.004,-0.391,172655.24,17631.341
20230710,1.022,1.038,1.022,1.027,1.019,0.008,0.7851,201244.88,20718.717
20230711,1.029,1.03,1.02,1.026,1.027,-0.001,-0.0974,156872.7,16065.229
20230712,1.028,1.034,1.024,1.027,1.026,0.001,0.0975,207911.87,21392.843
20230713,1.033,1.063,1.033,1.063,1.027,0.036,3.5054,618852.44,65235.652
20230714,1.066,1.072,1.055,1.061,1.063,-0.002,-0.1881,256176.63,27184.729
20230717,1.059,1.059,1.04,1.048,1.061,-0.013,-1.2253,235571.39,24612.889
20230718,1.047,1.05,1.04,1.044,1.048,-0.004,-0.3817,186456.85,19470.882
20230719,1.041,1.048,1.037,1.043,1.044,-0.001,-0.0958,182341.0,18983.29
20230720,1.046,1.059,1.041,1.042,1.043,-0.001,-0.0959,210028.32,22059.968
20230721,1.044,1.072,1.037,1.064,1.042,0.022,2.1113,516122.79,54823.199
20230724,1.058,1.058,1.048,1.052,1.064,-0.012,-1.1278,234493.06,24661.799
20230725,1.076,1.108,1.075,1.104,1.052,0.052,4.943,1039295.13,114064.787
20230726,1.103,1.114,1.095,1.104,1.104,0.0,0.0,377533.11,41645.824
20230727,1.105,1.13,1.101,1.119,1.104,0.015,1.3587,540976.5,60505.19
20230728,1.113,1.143,1.11,1.141,1.119,0.022,1.966,594100.04,67180.996
20230731,1.15,1.184,1.14,1.144,1.141,0.003,0.2629,724875.54,83927.78
20230801,1.138,1.156,1.128,1.133,1.144,-0.011,-0.9615,491660.29,55974.598
20230802,1.128,1.14,1.122,1.129,1.133,-0.004,-0.353,328637.85,37103.464
20230803,1.128,1.141,1.115,1.138,1.129,0.009,0.7972,366151.25,41404.594
20230804,1.149,1.158,1.136,1.139,1.138,0.001,0.0879,311448.23,35647.422
20230807,1.134,1.135,1.118,1.123,1.139,-0.016,-1.4047,286751.03,32265.582
20230808,1.12,1.132,1.114,1.127,1.123,0.004,0.3562,190833.86,21435.206
20230809,1.125,1.131,1.12,1.128,1.127,0.001,0.0887,127836.11,14389.013
20230810,1.125,1.127,1.114,1.125,1.128,-0.003,-0.266,145862.57,16351.764
20230811,1.128,1.13,1.1,1.1,1.125,-0.025,-2.2222,284595.96,31597.119
20230814,1.088,1.091,1.073,1.088,1.1,-0.012,-1.0909,253430.32,27428.99
20230815,1.084,1.093,1.078,1.087,1.088,-0.001,-0.0919,167365.83,18159.656
20230816,1.082,1.092,1.079,1.086,1.087,-0.001,-0.092,137974.69,14997.376
20230817,1.079,1.106,1.077,1.106,1.086,0.02,1.8416,228715.15,25064.917
20230818,1.105,1.107,1.082,1.083,1.106,-0.023,-2.0796,208521.54,22746.372
20230821,1.077,1.095,1.073,1.082,1.083,-0.001,-0.0923,179305.58,19445.258
20230822,1.084,1.088,1.07,1.082,1.082,0.0,0.0,204425.14,22038.206
20230823,1.08,1.086,1.064,1.064,1.082,-0.018,-1.6636,166062.85,17820.375
20230824,1.066,1.095,1.065,1.089,1.064,0.025,2.3496,292932.1,31699.301
20230825,1.082,1.089,1.077,1.087,1.089,-0.002,-0.1837,135962.82,14738.347
20230828,1.15,1.15,1.08,1.085,1.087,-0.002,-0.184,497680.11,54880.552
20230829,1.08,1.106,1.075,1.102,1.085,0.017,1.5668,276457.59,30306.384
20230830,1.103,1.108,1.094,1.1,1.102,-0.002,-0.1815,242697.11,26726.329
20230831,1.1,1.1,1.088,1.097,1.1,-0.003,-0.2727,130595.81,14281.896
20230901,1.106,1.118,1.104,1.113,1.097,0.016,1.4585,263656.3,29345.909
20230904,1.12,1.15,1.12,1.149,1.113,0.036,3.2345,742309.07,84672.124
20230905,1.145,1.147,1.131,1.136,1.149,-0.013,-1.1314,282035.94,32099.781
20230906,1.131,1.137,1.126,1.136,1.136,0.0,0.0,220652.89,24977.36
20230907,1.132,1.133,1.118,1.119,1.136,-0.017,-1.4965,179024.74,20127.205
20230908,1.116,1.122,1.108,1.115,1.119,-0.004,-0.3575,200279.58,22314.863
20230911,1.113,1.13,1.109,1.123,1.115,0.008,0.7175,170579.92,19124.949
20230912,1.12,1.122,1.112,1.115,1.123,-0.008,-0.7124,157046.83,17543.676
20230913,1.115,1.128,1.109,1.117,1.115,0.002,0.1794,210723.02,23526.909
20230914,1.115,1.123,1.104,1.111,1.117,-0.006,-0.5372,155865.46,17309.645
20230915,1.114,1.115,1.096,1.097,1.111,-0.014,-1.2601,233088.36,25705.724
20230918,1.091,1.108,0.987,1.103,1.097,0.006,0.5469,193437.27,21261.639
20230919,1.099,1.102,1.088,1.098,1.103,-0.005,-0.4533,109611.39,11982.666
20230920,1.096,1.096,1.091,1.092,1.098,-0.006,-0.5464,69879.0,7639.821
20230921,1.09,1.09,1.071,1.072,1.092,-0.02,-1.8315,171751.11,18530.102
20230922,1.067,1.092,1.066,1.092,1.072,0.02,1.8657,230931.42,24999.153
20230925,1.09,1.091,1.082,1.084,1.092,-0.008,-0.7326,107162.62,11632.572
20230926,1.082,1.086,1.072,1.073,1.084,-0.011,-1.0148,159627.47,17195.812
20230927,1.073,1.084,1.069,1.073,1.073,0.0,0.0,145586.8,15637.034
20230928,1.074,1.079,1.06,1.062,1.073,-0.011,-1.0252,238102.79,25353.293
20231009,1.06,1.063,1.044,1.056,1.062,-0.006,-0.565,165042.85,17384.2
20231010,1.056,1.067,1.045,1.047,1.056,-0.009,-0.8523,196386.69,20706.123
20231011,1.051,1.054,1.043,1.047,1.047,0.0,0.0,210790.67,22080.801
20231012,1.053,1.056,1.044,1.047,1.047,0.0,0.0,216100.02,22646.166
20231013,1.04,1.042,1.023,1.026,1.047,-0.021,-2.0057,306694.28,31556.422
20231016,1.023,1.023,1.008,1.01,1.026,-0.016,-1.5595,266711.93,27042.501
20231017,1.01,1.017,1.0,1.01,1.01,0.0,0.0,196349.48,19825.991
20231018,1.007,1.021,1.005,1.007,1.01,-0.003,-0.297,216789.76,21934.606
20231019,1.002,1.002,0.978,0.984,1.007,-0.023,-2.284,492066.0,48636.444
20231020,0.973,0.992,0.97,0.974,0.984,-0.01,-1.0163,294325.89,28765.481
20231023,0.971,0.987,0.966,0.973,0.974,-0.001,-0.1027,276159.84,26881.552
20231024,0.975,0.986,0.966,0.979,0.973,0.006,0.6166,261950.39,25590.707
20231025,0.994,1.012,0.994,1.004,0.979,0.025,2.5536,425983.03,42761.734
20231026,0.995,1.012,0.994,1.011,1.004,0.007,0.6972,261400.89,26248.734
20231027,1.008,1.024,1.005,1.021,1.011,0.01,0.9891,264830.57,26950.017
20231030,1.018,1.039,1.018,1.037,1.021,0.016,1.5671,367285.68,37885.473
20231031,1.038,1.041,1.028,1.039,1.037,0.002,0.1929,278232.59,28798.802
20231101,1.092,1.095,1.06,1.062,1.039,0.023,2.2137,1112423.38,120028.972
20231102,1.06,1.061,1.047,1.047,1.062,-0.015,-1.4124,331787.12,34968.289
20231103,1.046,1.064,1.042,1.059,1.047,0.012,1.1461,207322.94,21916.216
20231106,1.068,1.07,1.051,1.058,1.059,-0.001,-0.0944,282906.54,29911.463
20231107,1.056,1.056,1.045,1.052,1.058,-0.006,-0.5671,261126.61,27461.493
20231108,1.048,1.054,1.043,1.048,1.052,-0.004,-0.3802,154714.37,16210.48
20231109,1.047,1.052,1.041,1.048,1.048,0.0,0.0,145576.83,15227.559
20231110,1.041,1.043,1.031,1.034,1.048,-0.014,-1.3359,176668.35,18282.332
20231113,1.036,1.036,1.02,1.025,1.034,-0.009,-0.8704,340064.18,34870.859
20231114,1.025,1.035,1.023,1.026,1.025,0.001,0.0976,213342.49,21927.803
20231115,1.036,1.038,1.029,1.033,1.026,0.007,0.6823,210943.23,21793.009
20231116,1.031,1.035,1.022,1.022,1.033,-0.011,-1.0649,213012.79,21847.445
20231117,1.019,1.021,1.011,1.016,1.022,-0.006,-0.5871,226729.54,23004.699
20231120,1.015,1.025,1.008,1.02,1.016,0.004,0.3937,293574.57,29809.428
20231121,1.025,1.038,1.022,1.036,1.02,0.016,1.5686,325254.07,33611.007
20231122,1.03,1.036,1.028,1.029,1.036,-0.007,-0.6757,182252.35,18796.91
20231123,1.025,1.029,1.019,1.027,1.029,-0.002,-0.1944,242936.62,24855.007
20231124,1.026,1.032,1.022,1.024,1.027,-0.003,-0.2921,116727.16,11970.457
20231127,1.022,1.023,1.005,1.01,1.024,-0.014,-1.3672,308665.39,31165.987
20231128,1.007,1.015,1.003,1.007,1.01,-0.003,-0.297,250546.68,25225.341
20231129,1.004,1.009,0.995,1.007,1.007,0.0,0.0,292419.03,29364.844
20231130,1.005,1.014,1.003,1.013,1.007,0.006,0.5958,236169.18,23876.209
20231201,1.009,1.01,0.996,0.999,1.013,-0.014,-1.382,353644.21,35413.633
20231204,0.998,0.999,0.985,0.985,0.999,-0.014,-1.4014,368602.47,36499.205
20231205,0.981,0.985,0.96,0.961,0.985,-0.024,-2.4365,458484.81,44565.368
20231206,0.96,0.972,0.958,0.963,0.961,0.002,0.2081,391817.47,37867.667
20231207,0.962,0.965,0.955,0.958,0.963,-0.005,-0.5192,280211.62,26874.961
20231208,0.96,0.969,0.956,0.964,0.958,0.006,0.6263,353981.13,34162.923
20231211,0.954,0.954,0.934,0.95,0.964,-0.014,-1.4523,540136.67,50943.081
20231212,0.944,0.959,0.943,0.958,0.95,0.008,0.8421,227362.95,21683.021
20231213,0.955,0.955,0.925,0.927,0.958,-0.031,-3.2359,619047.19,57927.978
20231214,0.929,0.937,0.904,0.91,0.927,-0.017,-1.8339,685477.11,62880.258
20231215,0.913,0.927,0.908,0.91,0.91,0.0,0.0,377515.86,34520.415
20231218,0.905,0.914,0.9,0.909,0.91,-0.001,-0.1099,183766.68,16705.034
20231219,0.908,0.915,0.902,0.909,0.909,0.0,0.0,193358.29,17550.267
20231220,0.911,0.913,0.897,0.898,0.909,-0.011,-1.2101,298801.8,26981.771
20231221,0.89,0.921,0.89,0.913,0.898,0.015,1.6704,374716.66,33976.682
20231222,0.913,0.917,0.905,0.911,0.913,-0.002,-0.2191,204010.41,18578.572
20231225,0.91,0.92,0.907,0.919,0.911,0.008,0.8782,177582.96,16271.964
20231226,0.923,0.924,0.91,0.914,0.919,-0.005,-0.5441,247117.03,22613.643
20231227,0.913,0.919,0.908,0.914,0.914,0.0,0.0,175233.12,15998.963
20231228,0.914,0.953,0.912,0.948,0.914,0.034,3.7199,568660.24,53227.923
20231229,0.948,0.955,0.941,0.945,0.948,-0.003,-0.3165,275412.36,26074.093
20240102,0.94,0.942,0.92,0.921,0.945,-0.024,-2.5397,410213.84,37987.45
20240103,0.916,0.924,0.909,0.916,0.921,-0.005,-0.5429,304089.55,27801.402
20240104,0.915,0.915,0.893,0.897,0.916,-0.019,-2.0742,575170.66,51699.182
20240105,0.895,0.902,0.886,0.889,0.897,-0.008,-0.8919,339603.77,30366.333
20240108,0.889,0.892,0.876,0.877,0.889,-0.012,-1.3498,284118.73,25038.745
20240109,0.878,0.883,0.871,0.875,0.877,-0.002,-0.2281,223216.4,19561.783
20240110,0.874,0.89,0.864,0.881,0.875,0.006,0.6857,267609.37,23509.051
20240111,0.877,0.889,0.873,0.885,0.881,0.004,0.454,257749.76,22739.701
20240112,0.879,0.886,0.873,0.877,0.885,-0.008,-0.904,211801.3,18637.817
20240115,0.873,0.879,0.867,0.868,0.877,-0.009,-1.0262,239626.2,20879.055
20240116,0.864,0.875,0.861,0.869,0.868,0.001,0.1152,220195.37,19093.034
20240117,0.865,0.866,0.841,0.841,0.869,-0.028,-3.2221,564403.0,47984.91
20240118,0.838,0.858,0.831,0.857,0.841,0.016,1.9025,414703.39,34942.169
20240119,0.852,0.865,0.848,0.861,0.857,0.004,0.4667,247437.36,21269.225
20240122,0.857,0.86,0.836,0.841,0.861,-0.02,-2.3229,369544.74,31394.935
20240123,0.838,0.849,0.832,0.839,0.841,-0.002,-0.2378,548753.47,45999.538
20240124,0.841,0.848,0.821,0.839,0.839,0.0,0.0,367881.33,30706.701
20240125,0.836,0.86,0.833,0.855,0.839,0.016,1.907,391386.25,33184.955
20240126,0.854,0.865,0.851,0.856,0.855,0.001,0.117,298062.2,25513.117
20240129,0.856,0.874,0.856,0.862,0.856,0.006,0.7009,394306.11,34087.542
20240130,0.853,0.855,0.832,0.833,0.862,-0.029,-3.3643,454187.8,38085.589
20240131,0.829,0.836,0.819,0.821,0.833,-0.012,-1.4406,321723.81,26551.387
20240201,0.818,0.831,0.817,0.824,0.821,0.003,0.3654,238783.39,19672.274
20240202,0.824,0.839,0.8,0.82,0.824,-0.004,-0.4854,576183.77,47475.858
20240205,0.811,0.828,0.801,0.821,0.82,0.001,0.122,486790.9,39724.127
20240206,0.814,0.859,0.813,0.859,0.821,0.038,4.6285,634983.59,53604.453
20240207,0.86,0.877,0.853,0.876,0.859,0.017,1.979,490330.44,42640.063
20240208,0.88,0.89,0.866,0.876,0.876,0.0,0.0,527391.64,46117.406
20240219,0.887,0.895,0.87,0.878,0.876,0.002,0.2283,409221.43,36138.977
20240220,0.876,0.881,0.859,0.868,0.878,-0.01,-1.139,378226.2,32731.714
20240221,0.861,0.917,0.861,0.906,0.868,0.038,4.3779,980247.45,88081.981
20240222,0.899,0.913,0.895,0.911,0.906,0.005,0.5519,374449.37,33850.323
20240223,0.906,0.924,0.901,0.915,0.911,0.004,0.4391,289556.6,26427.857
20240226,0.911,0.919,0.9,0.905,0.915,-0.01,-1.0929,347302.71,31446.752
20240227,0.899,0.905,0.895,0.905,0.905,0.0,0.0,406423.91,36558.122
20240228,0.905,0.913,0.897,0.897,0.905,-0.008,-0.884,408176.25,36919.665
20240229,0.893,0.917,0.89,0.915,0.897,0.018,2.0067,470254.39,42636.794
20240301,0.913,0.922,0.907,0.919,0.915,0.004,0.4372,317744.83,29092.348
20240304,0.917,0.918,0.907,0.911,0.919,-0.008,-0.8705,242540.24,22084.16
20240305,0.905,0.919,0.902,0.919,0.911,0.008,0.8782,350772.67,32073.651
20240306,0.916,0.919,0.905,0.909,0.919,-0.01,-1.0881,211916.76,19279.469
20240307,0.909,0.913,0.902,0.905,0.909,-0.004,-0.44,249432.14,22638.595
20240308,0.905,0.908,0.892,0.901,0.905,-0.004,-0.442,231191.94,20772.691
20240311,0.902,0.922,0.901,0.921,0.901,0.02,2.2198,454156.25,41579.235
20240312,0.92,0.962,0.916,0.962,0.921,0.041,4.4517,930915.84,88500.969
20240313,0.96,0.965,0.952,0.96,0.962,-0.002,-0.2079,315396.99,30233.444
20240314,0.958,0.971,0.95,0.958,0.96,-0.002,-0.2083,276774.83,26558.877
20240315,0.953,0.971,0.951,0.963,0.958,0.005,0.5219,254113.8,24465.693
20240318,0.96,0.965,0.952,0.965,0.963,0.002,0.2077,249048.79,23922.261
20240319,0.962,0.982,0.957,0.976,0.965,0.011,1.1399,384847.3,37499.221
20240320,0.97,0.976,0.967,0.972,0.976,-0.004,-0.4098,150796.35,14647.7
20240321,0.973,0.985,0.968,0.976,0.972,0.004,0.4115,235447.99,22969.094
20240322,0.974,0.974,0.948,0.957,0.976,-0.019,-1.9467,342468.4,32728.917
20240325,0.952,0.956,0.94,0.947,0.957,-0.01,-1.0449,186254.46,17628.216
20240326,0.944,0.962,0.944,0.961,0.947,0.014,1.4784,273676.03,26186.268
20240327,0.96,0.962,0.949,0.95,0.961,-0.011,-1.1446,155684.08,14854.647
20240328,0.942,0.959,0.942,0.952,0.95,0.002,0.2105,152226.0,14495.2
20240329,0.948,0.955,0.944,0.948,0.952,-0.004,-0.4202,129786.0,12298.703
20240401,0.951,0.981,0.951,0.976,0.948,0.028,2.9536,575836.93,56028.93
20240402,0.973,0.975,0.966,0.97,0.976,-0.006,-0.6148,177602.81,17242.804
20240403,0.973,0.98,0.963,0.969,0.97,-0.001,-0.1031,133202.8,12929.075
20240408,0.959,0.964,0.932,0.934,0.969,-0.035,-3.612,393268.05,36969.492
20240409,0.926,0.939,0.926,0.931,0.934,-0.003,-0.3212,116194.09,10824.677
20240410,0.93,0.935,0.915,0.918,0.931,-0.013,-1.3963,251795.17,23212.916
20240411,0.913,0.921,0.911,0.918,0.918,0.0,0.0,151740.72,13892.74
20240412,0.919,0.924,0.902,0.904,0.918,-0.014,-1.5251,201015.11,18312.205
20240415,0.904,0.933,0.902,0.931,0.904,0.027,2.9867,315612.07,29172.443
20240416,0.931,0.931,0.914,0.915,0.931,-0.016,-1.7186,142558.49,13118.882
20240417,0.912,0.922,0.911,0.919,0.915,0.004,0.4372,141094.77,12913.217
20240418,0.911,0.929,0.909,0.922,0.919,0.003,0.3264,159957.48,14704.113
20240419,0.915,0.915,0.901,0.908,0.922,-0.014,-1.5184,172675.34,15683.633
20240422,0.907,0.928,0.907,0.922,0.908,0.014,1.5419,201035.58,18505.135
20240423,0.922,0.935,0.92,0.935,0.922,0.013,1.41,209024.07,19445.139
20240424,0.934,0.938,0.927,0.938,0.935,0.003,0.3209,185980.68,17374.804
20240425,0.934,0.935,0.924,0.933,0.938,-0.005,-0.533,224033.42,20818.2
20240426,0.935,0.955,0.935,0.951,0.933,0.018,1.9293,307388.69,29120.541
20240429,0.949,0.976,0.945,0.96,0.951,0.009,0.9464,353751.27,34098.944
20240430,0.959,0.97,0.958,0.958,0.96,-0.002,-0.2083,207975.0,20029.648
20240506,0.969,0.998,0.969,0.988,0.958,0.03,3.1315,512426.57,50641.173
20240507,0.985,0.995,0.978,0.993,0.988,0.005,0.5061,245211.36,24248.996
20240508,0.99,0.992,0.978,0.982,0.993,-0.011,-1.1078,190014.49,18687.265
20240509,0.98,0.987,0.978,0.983,0.982,0.001,0.1018,156186.14,15334.659
20240510,0.985,0.989,0.972,0.977,0.983,-0.006,-0.6104,141408.29,13817.964
20240513,0.97,0.971,0.954,0.956,0.977,-0.021,-2.1494,263511.88,25246.278
20240514,0.956,0.962,0.952,0.959,0.956,0.003,0.3138,147788.42,14149.21
20240515,0.959,0.962,0.953,0.956,0.959,-0.003,-0.3128,125919.12,12040.129
20240516,0.956,0.974,0.95,0.967,0.956,0.011,1.1506,249328.55,24027.495
20240517,0.966,0.98,0.963,0.979,0.967,0.012,1.241,201129.2,19548.869
20240520,0.979,0.997,0.979,0.984,0.979,0.005,0.5107,266148.37,26342.548
20240521,0.98,0.982,0.972,0.978,0.984,-0.006,-0.6098,139081.11,13583.661
20240522,0.977,0.977,0.965,0.97,0.978,-0.008,-0.818,163596.08,15866.108
20240523,0.969,0.972,0.957,0.958,0.97,-0.012,-1.2371,134209.68,12901.479
20240524,0.957,0.96,0.946,0.949,0.958,-0.009,-0.9395,159667.63,15177.12
20240527,0.948,0.953,0.945,0.949,0.949,0.0,0.0,124660.01,11814.44
20240528,0.948,0.949,0.938,0.939,0.949,-0.01,-1.0537,133862.67,12615.924
20240529,0.939,0.944,0.933,0.936,0.939,-0.003,-0.3195,143399.63,13453.915
20240530,0.935,0.936,0.921,0.923,0.936,-0.013,-1.3889,231705.52,21452.679
20240531,0.925,0.931,0.924,0.925,0.923,0.002,0.2167,120830.17,11201.234
20240603,0.926,0.931,0.917,0.921,0.925,-0.004,-0.4324,166849.29,15387.409
20240604,0.922,0.93,0.918,0.93,0.921,0.009,0.9772,149879.93,13890.52
20240605,0.929,0.933,0.92,0.921,0.93,-0.009,-0.9677,187432.52,17342.056
20240606,0.922,0.922,0.908,0.911,0.921,-0.01,-1.0858,217808.67,19882.794
20240607,0.912,0.914,0.898,0.899,0.911,-0.012,-1.3172,270247.17,24396.986
20240611,0.896,0.896,0.88,0.883,0.899,-0.016,-1.7798,343010.2,30305.189
20240612,0.878,0.887,0.877,0.878,0.883,-0.005,-0.5663,256714.81,22631.088
20240613,0.878,0.88,0.864,0.865,0.878,-0.013,-1.4806,275654.31,23939.436
20240614,0.863,0.873,0.853,0.872,0.865,0.007,0.8092,310645.99,26828.45
20240617,0.862,0.874,0.856,0.87,0.872,-0.002,-0.2294,226079.13,19546.63
20240618,0.867,0.878,0.858,0.858,0.87,-0.012,-1.3793,324626.23,28089.675
20240619,0.859,0.864,0.853,0.855,0.858,-0.003,-0.3497,236544.92,20277.853
20240620,0.853,0.859,0.844,0.845,0.855,-0.01,-1.1696,269747.96,22867.015
20240621,0.843,0.845,0.829,0.833,0.845,-0.012,-1.4201,307262.26,25645.714
20240624,0.82,0.844,0.815,0.834,0.833,0.001,0.12,248091.89,20591.077
20240625,0.834,0.844,0.83,0.834,0.834,0.0,0.0,210343.35,17604.081
20240626,0.829,0.841,0.825,0.835,0.834,0.001,0.1199,238815.62,19933.586
20240627,0.835,0.835,0.822,0.824,0.835,-0.011,-1.3174,161843.94,13367.329
20240628,0.819,0.827,0.81,0.811,0.824,-0.013,-1.5777,375609.68,30679.79
20240701,0.81,0.816,0.798,0.806,0.811,-0.005,-0.6165,292354.82,23507.615
20240702,0.804,0.824,0.801,0.817,0.806,0.011,1.3648,302583.02,24643.357
20240703,0.817,0.82,0.809,0.81,0.817,-0.007,-0.8568,178947.15,14547.764
20240704,0.81,0.815,0.799,0.799,0.81,-0.011,-1.358,228682.54,18382.074
20240705,0.798,0.803,0.785,0.789,0.799,-0.01,-1.2516,338656.22,26780.718
20240708,0.785,0.787,0.767,0.77,0.789,-0.019,-2.4081,321772.0,24941.259
20240709,0.769,0.781,0.763,0.776,0.77,0.006,0.7792,258250.35,19906.124
20240710,0.775,0.788,0.772,0.776,0.776,0.0,0.0,172769.57,13472.27
20240711,0.782,0.802,0.781,0.795,0.776,0.019,2.4485,355141.55,28202.524
20240712,0.798,0.802,0.792,0.8,0.795,0.005,0.6289,236953.35,18885.865
20240715,0.798,0.806,0.793,0.799,0.8,-0.001,-0.125,135897.71,10861.978
20240716,0.797,0.8,0.789,0.794,0.799,-0.005,-0.6258,181247.05,14400.688
20240717,0.794,0.815,0.79,0.814,0.794,0.02,2.5189,388703.47,31347.435
20240718,0.81,0.826,0.81,0.816,0.814,0.002,0.2457,286847.7,23451.05
20240719,0.814,0.83,0.807,0.829,0.816,0.013,1.5931,275059.97,22596.387
20240722,0.83,0.831,0.809,0.813,0.829,-0.016,-1.93,245889.23,20098.102
20240723,0.808,0.813,0.781,0.782,0.813,-0.031,-3.813,370462.48,29376.123
20240724,0.78,0.787,0.77,0.772,0.782,-0.01,-1.2788,217388.28,16881.001
20240725,0.769,0.778,0.765,0.771,0.772,-0.001,-0.1295,215095.27,16574.952
20240726,0.77,0.779,0.767,0.771,0.771,0.0,0.0,206352.46,15913.63
20240729,0.77,0.773,0.756,0.757,0.771,-0.014,-1.8158,300339.47,22900.343
20240730,0.752,0.753,0.74,0.752,0.757,-0.005,-0.6605,259030.63,19342.571
20240731,0.75,0.778,0.749,0.776,0.752,0.024,3.1915,343748.32,26423.568
20240801,0.775,0.777,0.756,0.757,0.776,-0.019,-2.4485,371404.64,28314.659
20240802,0.75,0.763,0.75,0.753,0.757,-0.004,-0.5284,166051.64,12550.858
20240805,0.75,0.777,0.749,0.762,0.753,0.009,1.1952,374999.24,28714.854
20240806,0.765,0.773,0.76,0.767,0.762,0.005,0.6562,217953.52,16683.971
20240807,0.767,0.775,0.761,0.772,0.767,0.005,0.6519,200571.89,15411.272
20240808,0.77,0.793,0.768,0.785,0.772,0.013,1.6839,393496.77,30787.83
20240809,0.791,0.798,0.782,0.784,0.785,-0.001,-0.1274,759454.43,59995.968
20240812,0.78,0.784,0.773,0.778,0.784,-0.006,-0.7653,135063.64,10524.642
20240813,0.777,0.778,0.766,0.771,0.778,-0.007,-0.8997,139339.62,10713.361
20240814,0.77,0.77,0.759,0.76,0.771,-0.011,-1.4267,122365.25,9320.036
20240815,0.753,0.771,0.753,0.763,0.76,0.003,0.3947,202393.84,15430.041
20240816,0.764,0.764,0.755,0.759,0.763,-0.004,-0.5242,172853.77,13098.418
20240819,0.759,0.771,0.757,0.759,0.759,0.0,0.0,403797.7,30818.519
20240820,0.759,0.76,0.75,0.751,0.759,-0.008,-1.054,142750.01,10748.792
20240821,0.75,0.755,0.746,0.747,0.751,-0.004,-0.5326,128545.45,9632.085
20240822,0.746,0.747,0.731,0.734,0.747,-0.013,-1.7403,246324.23,18129.713
20240823,0.731,0.743,0.731,0.735,0.734,0.001,0.1362,152015.87,11184.154
20240826,0.734,0.739,0.726,0.73,0.735,-0.005,-0.6803,168985.79,12371.869
20240827,0.729,0.73,0.72,0.726,0.73,-0.004,-0.5479,139706.06,10122.373
20240828,0.723,0.723,0.702,0.707,0.726,-0.019,-2.6171,423288.86,29901.848
20240829,0.703,0.724,0.702,0.721,0.707,0.014,1.9802,290226.87,20812.785
20240830,0.718,0.754,0.713,0.746,0.721,0.025,3.4674,566688.15,41844.677
20240902,0.739,0.739,0.717,0.718,0.746,-0.028,-3.7534,265227.42,19232.513
20240903,0.72,0.729,0.718,0.724,0.718,0.006,0.8357,158487.12,11479.618
20240904,0.723,0.728,0.719,0.72,0.724,-0.004,-0.5525,124147.42,8965.304
20240905,0.721,0.724,0.718,0.722,0.72,0.002,0.2778,160678.37,11567.242
20240906,0.721,0.722,0.71,0.711,0.722,-0.011,-1.5235,131077.13,9368.51
20240909,0.706,0.708,0.698,0.699,0.711,-0.012,-1.6878,302216.92,21180.062
20240910,0.7,0.708,0.697,0.701,0.699,0.002,0.2861,128293.31,9001.599
20240911,0.698,0.703,0.693,0.697,0.701,-0.004,-0.5706,138467.26,9657.616
20240912,0.697,0.699,0.681,0.682,0.697,-0.015,-2.1521,352557.12,24297.328
20240913,0.681,0.683,0.665,0.667,0.682,-0.015,-2.1994,286003.85,19222.437
20240918,0.666,0.666,0.653,0.657,0.667,-0.01,-1.4993,253686.34,16684.974
20240919,0.657,0.683,0.655,0.672,0.657,0.015,2.2831,430259.11,28907.893
20240920,0.67,0.674,0.665,0.673,0.672,0.001,0.1488,184756.5,12355.11
20240923,0.673,0.689,0.672,0.678,0.673,0.005,0.7429,254714.67,17359.137
20240924,0.685,0.715,0.678,0.715,0.678,0.037,5.4572,733494.66,51348.151
20240925,0.73,0.739,0.718,0.719,0.715,0.004,0.5594,599036.2,43735.527
20240926,0.714,0.791,0.714,0.791,0.719,0.072,10.0139,1650032.05,126540.92
20240927,0.829,0.87,0.82,0.87,0.791,0.079,9.9874,1492603.16,126875.431
20240930,0.94,0.957,0.895,0.957,0.87,0.087,10.0,2820899.41,263033.974
20241008,1.052,1.053,0.91,0.968,0.957,0.011,1.1494,3313156.51,329285.047
20241009,0.921,0.93,0.871,0.871,0.968,-0.097,-10.0207,1696295.28,150367.698
20241010,0.859,0.892,0.845,0.872,0.871,0.001,0.1148,906322.79,79090.703
20241011,0.861,0.868,0.836,0.845,0.872,-0.027,-3.0963,716454.94,61015.433
20241014,0.845,0.856,0.825,0.856,0.845,0.011,1.3018,613826.8,51812.795
20241015,0.853,0.855,0.826,0.829,0.856,-0.027,-3.1542,602181.31,50525.055
20241016,0.817,0.834,0.81,0.82,0.829,-0.009,-1.0856,482939.06,39582.307
20241017,0.825,0.828,0.802,0.803,0.82,-0.017,-2.0732,459097.7,37339.073
20241018,0.796,0.85,0.794,0.829,0.803,0.026,3.2379,814819.65,66767.118
20241021,0.826,0.835,0.815,0.83,0.829,0.001,0.1206,560786.44,46315.519
20241022,0.83,0.847,0.827,0.844,0.83,0.014,1.6867,584306.35,49142.57
20241023,0.845,0.864,0.837,0.856,0.844,0.012,1.4218,708587.39,60404.852
20241024,0.848,0.852,0.837,0.839,0.856,-0.017,-1.986,357699.42,30129.697
20241025,0.837,0.854,0.825,0.845,0.839,0.006,0.7151,354143.92,29912.167
20241028,0.851,0.868,0.84,0.868,0.845,0.023,2.7219,645004.17,55432.881
20241029,0.868,0.877,0.848,0.849,0.868,-0.019,-2.1889,538121.73,46161.341
20241030,0.843,0.85,0.828,0.835,0.849,-0.014,-1.649,521765.59,43682.334
20241031,0.827,0.841,0.824,0.831,0.835,-0.004,-0.479,426390.73,35401.763
20241101,0.827,0.848,0.824,0.84,0.831,0.009,1.083,624970.46,52497.658
20241104,0.844,0.849,0.833,0.849,0.84,0.009,1.0714,477130.32,40169.486
20241105,0.844,0.869,0.84,0.869,0.849,0.02,2.3557,758249.72,65132.46
20241106,0.869,0.876,0.856,0.867,0.869,-0.002,-0.2301,618644.49,53540.543
20241107,0.86,0.935,0.858,0.935,0.867,0.068,7.8431,1417739.11,128547.848
20241108,0.95,0.953,0.91,0.914,0.935,-0.021,-2.246,1210852.5,111850.513
20241111,0.9,0.912,0.887,0.912,0.914,-0.002,-0.2188,805364.67,72364.333
20241112,0.912,0.935,0.9,0.907,0.912,-0.005,-0.5482,789095.67,72260.027
20241113,0.9,0.91,0.895,0.905,0.907,-0.002,-0.2205,333508.38,30095.831
20241114,0.9,0.908,0.891,0.893,0.905,-0.012,-1.326,341725.27,30709.957
20241115,0.892,0.899,0.879,0.881,0.893,-0.012,-1.3438,451292.82,40123.931
20241118,0.882,0.887,0.866,0.87,0.881,-0.011,-1.2486,400875.0,35127.722
20241119,0.873,0.875,0.847,0.868,0.87,-0.002,-0.2299,528165.53,45488.225
20241120,0.869,0.875,0.86,0.873,0.868,0.005,0.576,328939.55,28557.767
20241121,0.87,0.872,0.865,0.869,0.873,-0.004,-0.4582,309028.12,26816.437
20241122,0.868,0.872,0.84,0.841,0.869,-0.028,-3.2221,418140.24,35707.994
20241125,0.843,0.854,0.832,0.84,0.841,-0.001,-0.1189,325708.91,27393.416
20241126,0.839,0.853,0.835,0.844,0.84,0.004,0.4762,253383.0,21396.538
20241127,0.843,0.861,0.836,0.856,0.844,0.012,1.4218,284923.65,24203.98
20241128,0.856,0.857,0.845,0.848,0.856,-0.008,-0.9346,209488.99,17828.257
20241129,0.852,0.87,0.85,0.857,0.848,0.009,1.0613,363900.98,31282.899
20241202,0.855,0.863,0.851,0.861,0.857,0.004,0.4667,288584.31,24775.526
20241203,0.862,0.863,0.853,0.857,0.861,-0.004,-0.4646,204834.11,17546.973
20241204,0.856,0.857,0.848,0.85,0.857,-0.007,-0.8168,196680.45,16744.738
20241205,0.847,0.85,0.842,0.848,0.85,-0.002,-0.2353,193410.02,16373.211
20241206,0.848,0.858,0.846,0.854,0.848,0.006,0.7075,314802.04,26861.355
20241209,0.854,0.86,0.848,0.852,0.854,-0.002,-0.2342,232291.73,19824.98
20241210,0.88,0.895,0.864,0.865,0.852,0.013,1.5258,849011.87,74696.088
20241211,0.86,0.88,0.856,0.871,0.865,0.006,0.6936,373851.78,32582.006
20241212,0.872,0.889,0.866,0.889,0.871,0.018,2.0666,653305.09,57521.354
20241213,0.885,0.885,0.86,0.862,0.889,-0.027,-3.0371,570663.27,49606.239
20241216,0.862,0.862,0.843,0.844,0.862,-0.018,-2.0882,486277.73,41252.321
20241217,0.845,0.853,0.84,0.846,0.844,0.002,0.237,272725.03,23115.583
20241218,0.848,0.85,0.842,0.844,0.846,-0.002,-0.2364,252621.67,21366.857
20241219,0.837,0.839,0.829,0.833,0.844,-0.011,-1.3033,389617.29,32480.043
20241220,0.833,0.839,0.83,0.831,0.833,-0.002,-0.2401,277034.97,23068.7
20241223,0.831,0.834,0.822,0.823,0.831,-0.008,-0.9627,291833.07,24157.407
20241224,0.824,0.827,0.821,0.827,0.823,0.004,0.486,264263.12,21771.69
20241225,0.829,0.829,0.822,0.824,0.827,-0.003,-0.3628,158250.9,13043.189
20241226,0.825,0.828,0.822,0.824,0.824,0.0,0.0,188140.29,15508.994
20241227,0.825,0.829,0.819,0.824,0.824,0.0,0.0,205378.43,16920.321
20241230,0.824,0.827,0.815,0.815,0.824,-0.009,-1.0922,304447.91,24952.618
20241231,0.816,0.827,0.813,0.814,0.815,-0.001,-0.1227,338639.87,27752.899
20250102,0.811,0.812,0.788,0.792,0.814,-0.022,-2.7027,530700.3,42336.918
20250103,0.793,0.797,0.78,0.784,0.792,-0.008,-1.0101,282637.81,22296.714
20250106,0.769,0.775,0.76,0.762,0.784,-0.022,-2.8061,407291.46,31223.368
20250107,0.762,0.767,0.76,0.766,0.762,0.004,0.5249,254612.74,19425.51
20250108,0.765,0.769,0.754,0.761,0.766,-0.005,-0.6527,274148.26,20859.734
20250109,0.76,0.773,0.755,0.765,0.761,0.004,0.5256,232465.81,17799.934
20250110,0.764,0.765,0.752,0.752,0.765,-0.013,-1.6993,211872.01,16049.808
20250113,0.746,0.758,0.745,0.758,0.752,0.006,0.7979,191335.86,14433.467
20250114,0.759,0.779,0.754,0.779,0.758,0.021,2.7704,350185.14,27059.195
20250115,0.777,0.779,0.77,0.776,0.779,-0.003,-0.3851,207533.46,16079.16
20250116,0.777,0.786,0.767,0.773,0.776,-0.003,-0.3866,238839.43,18541.687
20250117,0.77,0.782,0.765,0.778,0.773,0.005,0.6468,347810.92,27083.488
20250120,0.779,0.792,0.779,0.784,0.778,0.006,0.7712,266838.54,20984.216
20250121,0.789,0.79,0.777,0.779,0.784,-0.005,-0.6378,202890.57,15831.304
20250122,0.776,0.776,0.765,0.766,0.779,-0.013,-1.6688,193534.97,14859.415
20250123,0.767,0.779,0.766,0.766,0.766,0.0,0.0,236507.14,18238.571
20250124,0.763,0.769,0.76,0.764,0.766,-0.002,-0.2611,306467.57,23415.278
20250127,0.765,0.768,0.76,0.76,0.764,-0.004,-0.5236,201314.2,15355.15
20250205,0.761,0.777,0.749,0.749,0.76,-0.011,-1.4474,402137.63,30361.561
20250206,0.749,0.757,0.749,0.755,0.749,0.006,0.8011,272788.61,20542.096
20250207,0.753,0.767,0.75,0.762,0.755,0.007,0.9272,499854.73,37989.96
20250210,0.763,0.764,0.757,0.762,0.762,0.0,0.0,313981.57,23881.746
20250211,0.763,0.765,0.754,0.755,0.762,-0.007,-0.9186,294234.81,22270.38
20250212,0.755,0.763,0.752,0.763,0.755,0.008,1.0596,316478.33,23971.801
20250213,0.764,0.792,0.761,0.79,0.763,0.027,3.5387,1022106.87,79991.441
20250214,0.789,0.789,0.78,0.787,0.79,-0.003,-0.3797,367419.38,28804.495
20250217,0.786,0.796,0.783,0.791,0.787,0.004,0.5083,339002.98,26814.623
20250218,0.791,0.792,0.779,0.78,0.791,-0.011,-1.3906,339945.43,26666.062
20250219,0.779,0.785,0.775,0.785,0.78,0.005,0.641,288686.41,22525.3
20250220,0.783,0.789,0.779,0.783,0.785,-0.002,-0.2548,169871.03,13311.278
20250221,0.784,0.793,0.781,0.79,0.783,0.007,0.894,462898.46,36482.637
20250224,0.789,0.805,0.785,0.798,0.79,0.008,1.0127,515857.6,41159.725
20250225,0.796,0.796,0.785,0.785,0.798,-0.013,-1.6291,436057.22,34470.504
20250226,0.781,0.793,0.781,0.793,0.785,0.008,1.0191,325863.14,25678.949
20250227,0.793,0.812,0.792,0.81,0.793,0.017,2.1438,672071.39,54289.538
20250228,0.809,0.829,0.807,0.809,0.81,-0.001,-0.1235,612709.52,50186.095
20250303,0.809,0.822,0.797,0.801,0.809,-0.008,-0.9889,478022.97,38571.815
20250304,0.798,0.798,0.786,0.792,0.801,-0.009,-1.1236,278762.43,22005.539
20250305,0.793,0.794,0.786,0.792,0.792,0.0,0.0,204387.3,16133.42
20250306,0.794,0.804,0.79,0.804,0.792,0.012,1.5152,380941.46,30417.69
20250307,0.803,0.82,0.8,0.817,0.804,0.013,1.6169,546301.44,44364.776
20250310,0.817,0.822,0.81,0.822,0.817,0.005,0.612,427869.63,34932.305
20250311,0.816,0.84,0.813,0.839,0.822,0.017,2.0681,649802.29,54006.948
20250312,0.84,0.847,0.83,0.833,0.839,-0.006,-0.7151,383698.44,32063.922
20250313,0.833,0.844,0.828,0.833,0.833,0.0,0.0,338783.91,28293.641
20250314,0.834,0.874,0.834,0.869,0.833,0.036,4.3217,1167397.7,100533.759
20250317,0.876,0.882,0.86,0.872,0.869,0.003,0.3452,543432.44,47325.839
20250318,0.872,0.873,0.86,0.867,0.872,-0.005,-0.5734,392084.95,33889.099
20250319,0.864,0.87,0.856,0.859,0.867,-0.008,-0.9227,332360.94,28576.048
20250320,0.857,0.857,0.842,0.844,0.859,-0.015,-1.7462,399152.34,33786.551
20250321,0.842,0.851,0.833,0.835,0.844,-0.009,-1.0664,319521.87,26832.253
20250324,0.834,0.838,0.825,0.835,0.835,0.0,0.0,266824.48,22169.511
20250325,0.835,0.837,0.823,0.834,0.835,-0.001,-0.1198,211542.38,17549.23
20250326,0.834,0.84,0.831,0.834,0.834,0.0,0.0,206246.82,17237.065
20250327,0.834,0.843,0.83,0.842,0.834,0.008,0.9592,206024.26,17271.44
20250328,0.842,0.844,0.831,0.835,0.842,-0.007,-0.8314,178922.55,14969.345
20250331,0.834,0.835,0.82,0.824,0.835,-0.011,-1.3174,213258.73,17629.496
20250401,0.824,0.829,0.82,0.823,0.824,-0.001,-0.1214,141275.69,11653.476
20250402,0.823,0.827,0.819,0.821,0.823,-0.002,-0.243,224014.94,18434.261
20250403,0.815,0.835,0.812,0.831,0.821,0.01,1.218,226146.38,18726.967
20250407,0.811,0.816,0.778,0.798,0.831,-0.033,-3.9711,792041.26,63254.481
20250408,0.789,0.815,0.789,0.815,0.798,0.017,2.1303,376984.58,30284.761
20250409,0.807,0.83,0.803,0.826,0.815,0.011,1.3497,319776.88,26110.159
20250410,0.827,0.83,0.816,0.829,0.826,0.003,0.3632,318011.88,26268.187
20250411,0.825,0.828,0.815,0.821,0.829,-0.008,-0.965,311707.19,25574.915
20250414,0.818,0.825,0.815,0.817,0.821,-0.004,-0.4872,245895.13,20123.028
20250415,0.814,0.817,0.81,0.817,0.817,0.0,0.0,113223.17,9216.336
20250416,0.814,0.819,0.805,0.819,0.817,0.002,0.2448,156119.02,12659.363
20250417,0.816,0.825,0.811,0.824,0.819,0.005,0.6105,227232.63,18667.765
20250418,0.822,0.823,0.814,0.819,0.824,-0.005,-0.6068,115913.08,9488.169
20250421,0.815,0.817,0.81,0.81,0.819,-0.009,-1.0989,193904.27,15737.866
20250422,0.809,0.814,0.806,0.811,0.81,0.001,0.1235,135943.51,11020.464
20250423,0.811,0.815,0.805,0.808,0.811,-0.003,-0.3699,159071.81,12856.764
20250424,0.808,0.81,0.802,0.803,0.808,-0.005,-0.6188,140167.0,11298.293
20250425,0.804,0.807,0.8,0.801,0.803,-0.002,-0.2491,151828.4,12196.691
20250428,0.801,0.806,0.8,0.8,0.801,-0.001,-0.1248,150448.58,12062.682
20250429,0.799,0.799,0.785,0.786,0.8,-0.014,-1.75,393091.93,31040.736
20250430,0.785,0.791,0.784,0.786,0.786,0.0,0.0,269726.24,21232.223
20250506,0.79,0.79,0.781,0.789,0.786,0.003,0.3817,330661.33,25972.476
20250507,0.794,0.797,0.79,0.794,0.789,0.005,0.6337,271678.62,21544.159
20250508,0.791,0.802,0.788,0.799,0.794,0.005,0.6297,229614.24,18285.529
20250509,0.797,0.8,0.794,0.797,0.799,-0.002,-0.2503,121302.05,9659.632
20250512,0.798,0.802,0.796,0.8,0.797,0.003,0.3764,163786.84,13089.963
20250513,0.802,0.803,0.797,0.799,0.8,-0.001,-0.125,141709.42,11321.315
20250514,0.798,0.818,0.795,0.812,0.799,0.013,1.627,368174.77,29733.023
20250515,0.808,0.812,0.804,0.805,0.812,-0.007,-0.8621,161700.49,13054.475
20250516,0.804,0.804,0.792,0.794,0.805,-0.011,-1.3665,235596.86,18743.983
20250519,0.785,0.786,0.781,0.783,0.794,-0.011,-1.3854,409320.21,32049.018
20250520,0.785,0.786,0.782,0.782,0.783,-0.001,-0.1277,256042.22,20075.006
20250521,0.783,0.785,0.78,0.781,0.782,-0.001,-0.1279,207855.12,16259.898
20250522,0.78,0.78,0.774,0.775,0.781,-0.006,-0.7682,236233.41,18368.363
20250523,0.775,0.779,0.77,0.77,0.775,-0.005,-0.6452,235122.96,18205.349
20250526,0.769,0.771,0.761,0.762,0.77,-0.008,-1.039,303275.13,23189.334
20250527,0.76,0.767,0.76,0.762,0.762,0.0,0.0,222081.93,16942.383
20250528,0.763,0.763,0.758,0.76,0.762,-0.002,-0.2625,190472.99,14478.45
20250529,0.76,0.763,0.756,0.761,0.76,0.001,0.1316,200335.25,15235.898
20250530,0.761,0.761,0.752,0.753,0.761,-0.008,-1.0512,318234.74,24019.826
20250603,0.75,0.751,0.745,0.746,0.753,-0.007,-0.9296,360356.99,26914.376
20250604,0.746,0.75,0.744,0.746,0.746,0.0,0.0,281437.79,21018.908
20250605,0.746,0.749,0.745,0.748,0.746,0.002,0.2681,256889.63,19188.694
20250606,0.747,0.751,0.745,0.746,0.748,-0.002,-0.2674,294951.16,22064.218
20250609,0.747,0.747,0.742,0.744,0.746,-0.002,-0.2681,499549.69,37205.493
20250610,0.744,0.744,0.737,0.738,0.744,-0.006,-0.8065,445308.01,32943.154
20250611,0.737,0.743,0.736,0.739,0.738,0.001,0.1355,323930.43,23982.73
20250612,0.738,0.739,0.727,0.729,0.739,-0.01,-1.3532,603161.42,44090.768
20250613,0.727,0.727,0.711,0.712,0.729,-0.017,-2.332,743523.79,53254.307
20250616,0.707,0.71,0.702,0.71,0.712,-0.002,-0.2809,606111.44,42791.975
20250617,0.707,0.716,0.707,0.711,0.71,0.001,0.1408,471109.42,33513.023
20250618,0.717,0.723,0.715,0.715,0.711,0.004,0.5626,586532.26,42171.71
20250619,0.71,0.718,0.709,0.711,0.715,-0.004,-0.5594,366695.02,26136.803
20250620,0.712,0.726,0.711,0.724,0.711,0.013,1.8284,629643.16,45463.538
20250623,0.719,0.719,0.711,0.717,0.724,-0.007,-0.9669,503548.68,36076.928
20250624,0.718,0.724,0.717,0.722,0.717,0.005,0.6974,339605.8,24511.16
20250625,0.723,0.724,0.716,0.724,0.722,0.002,0.277,465092.62,33495.702
20250626,0.724,0.728,0.721,0.723,0.724,-0.001,-0.1381,433206.45,31385.791
20250627,0.724,0.724,0.717,0.718,0.723,-0.005,-0.6916,354987.55,25545.331
20250630,0.718,0.725,0.714,0.723,0.718,0.005,0.6964,382453.7,27504.094
20250701,0.722,0.722,0.717,0.718,0.723,-0.005,-0.6916,245929.62,17656.741
20250702,0.718,0.725,0.717,0.722,0.718,0.004,0.5571,276734.75,19953.817
20250703,0.722,0.726,0.72,0.724,0.722,0.002,0.277,282986.31,20482.368
20250704,0.723,0.726,0.721,0.724,0.724,0.0,0.0,241384.27,17463.099
20250707,0.724,0.725,0.72,0.72,0.724,-0.004,-0.5525,237454.85,17144.049
20250708,0.72,0.726,0.719,0.726,0.72,0.006,0.8333,316571.39,22921.604
20250709,0.726,0.737,0.725,0.731,0.726,0.005,0.6887,485948.24,35602.331
20250710,0.729,0.738,0.728,0.738,0.731,0.007,0.9576,433638.59,31804.801
20250711,0.737,0.749,0.736,0.744,0.738,0.006,0.813,778970.64,57927.948
20250714,0.741,0.745,0.737,0.744,0.744,0.0,0.0,350056.46,25937.599
20250715,0.74,0.74,0.731,0.734,0.744,-0.01,-1.3441,526279.85,38707.041
20250716,0.734,0.741,0.732,0.74,0.734,0.006,0.8174,360585.78,26615.742
20250717,0.74,0.743,0.736,0.74,0.74,0.0,0.0,267709.8,19786.801
20250718,0.741,0.753,0.739,0.751,0.74,0.011,1.4865,680526.02,50969.26
20250721,0.752,0.752,0.747,0.751,0.751,0.0,0.0,366835.15,27492.499
20250722,0.751,0.773,0.75,0.773,0.751,0.022,2.9294,966807.83,73827.704
20250723,0.773,0.779,0.768,0.769,0.773,-0.004,-0.5175,809826.54,62664.327
20250724,0.768,0.775,0.765,0.775,0.769,0.006,0.7802,483162.72,37343.761
20250725,0.775,0.776,0.762,0.763,0.775,-0.012,-1.5484,700187.67,53696.965
20250728,0.762,0.763,0.755,0.761,0.763,-0.002,-0.2621,554516.86,42067.916
20250729,0.759,0.762,0.753,0.76,0.761,-0.001,-0.1314,421105.85,31870.226
20250730,0.76,0.772,0.76,0.764,0.76,0.004,0.5263,602569.03,46164.484
20250731,0.761,0.762,0.746,0.748,0.764,-0.016,-2.0942,705503.19,53067.193
20250801,0.748,0.752,0.744,0.747,0.748,-0.001,-0.1337,392426.49,29324.652
20250804,0.747,0.747,0.74,0.747,0.747,0.0,0.0,304311.98,22640.028
20250805,0.747,0.756,0.747,0.755,0.747,0.008,1.071,454554.48,34203.328
20250806,0.755,0.757,0.752,0.755,0.755,0.0,0.0,250415.28,18886.721
20250807,0.754,0.759,0.753,0.757,0.755,0.002,0.2649,301671.35,22832.383
20250808,0.757,0.757,0.75,0.751,0.757,-0.006,-0.7926,303883.89,22886.412
20250811,0.751,0.769,0.751,0.767,0.751,0.016,2.1305,633845.52,48344.168
20250812,0.767,0.779,0.764,0.766,0.767,-0.001,-0.1304,789539.15,60866.077
20250813,0.765,0.768,0.76,0.767,0.766,0.001,0.1305,601135.51,45960.459
20250814,0.766,0.777,0.764,0.767,0.767,0.0,0.0,718492.31,55409.074
20250815,0.765,0.772,0.762,0.77,0.767,0.003,0.3911,797083.03,61175.329
20250818,0.771,0.777,0.77,0.774,0.77,0.004,0.5195,678292.83,52514.43
20250819,0.775,0.8,0.774,0.797,0.774,0.023,2.9716,1954310.19,154942.027
20250820,0.794,0.821,0.786,0.82,0.797,0.023,2.8858,1464731.56,119001.991
20250821,0.817,0.817,0.8,0.803,0.82,-0.017,-2.0732,1184260.1,95806.877
20250822,0.798,0.808,0.798,0.808,0.803,0.005,0.6227,840906.04,67629.288
20250825,0.809,0.844,0.809,0.84,0.808,0.032,3.9604,1742714.85,144902.305
20250826,0.84,0.85,0.83,0.837,0.84,-0.003,-0.3571,1304435.06,109834.496
20250827,0.837,0.837,0.811,0.814,0.837,-0.023,-2.7479,1470387.61,121308.182
20250828,0.806,0.814,0.794,0.809,0.814,-0.005,-0.6143,1640571.5,132061.671
20250829,0.812,0.834,0.811,0.828,0.809,0.019,2.3486,1242877.21,102746.055
20250901,0.829,0.833,0.821,0.827,0.828,-0.001,-0.1208,936116.78,77189.989
20250902,0.825,0.843,0.822,0.824,0.827,-0.003,-0.3628,1146527.74,95067.78
20250903,0.825,0.837,0.809,0.811,0.824,-0.013,-1.5777,770447.69,63052.63
20250904,0.809,0.811,0.8,0.809,0.811,-0.002,-0.2466,741230.04,59714.407
20250905,0.808,0.816,0.802,0.816,0.809,0.007,0.8653,675375.24,54683.426
20250908,0.817,0.829,0.817,0.829,0.816,0.013,1.5931,891696.91,73557.402
20250909,0.829,0.83,0.817,0.83,0.829,0.001,0.1206,662857.22,54624.63
20250910,0.828,0.839,0.823,0.831,0.83,0.001,0.1205,708641.22,58941.889
20250911,0.828,0.836,0.825,0.836,0.831,0.005,0.6017,717923.05,59637.559
20250912,0.835,0.846,0.828,0.829,0.836,-0.007,-0.8373,678607.52,56538.626
20250915,0.827,0.829,0.822,0.826,0.829,-0.003,-0.3619,463967.55,38280.605
20250916,0.826,0.828,0.82,0.824,0.826,-0.002,-0.2421,472765.44,38894.847
20250917,0.823,0.824,0.816,0.82,0.824,-0.004,-0.4854,622255.35,50956.537
20250918,0.819,0.82,0.801,0.806,0.82,-0.014,-1.7073,1048624.49,84837.436
20250919,0.804,0.809,0.796,0.808,0.806,0.002,0.2481,713897.89,57251.604
20250922,0.805,0.805,0.795,0.795,0.808,-0.013,-1.6089,720322.69,57464.221
20250923,0.794,0.798,0.786,0.789,0.795,-0.006,-0.7547,570051.86,45015.88
20250924,0.783,0.793,0.783,0.79,0.789,0.001,0.1267,420336.14,33191.129
20250925,0.789,0.79,0.782,0.783,0.79,-0.007,-0.8861,570925.42,44852.167
20250926,0.783,0.785,0.776,0.777,0.783,-0.006,-0.7663,591390.68,46071.3
20250929,0.777,0.795,0.774,0.792,0.777,0.015,1.9305,866531.17,68064.594
20250930,0.791,0.793,0.785,0.787,0.792,-0.005,-0.6313,565065.06,44527.502
20251009,0.784,0.785,0.773,0.779,0.787,-0.008,-1.0165,829238.38,64432.094
20251010,0.778,0.782,0.773,0.775,0.779,-0.004,-0.5135,552482.37,42964.631
20251013,0.765,0.769,0.762,0.766,0.775,-0.009,-1.1613,525778.33,40280.977
20251014,0.768,0.788,0.768,0.784,0.766,0.018,2.3499,859272.16,67039.264
20251015,0.783,0.794,0.78,0.789,0.784,0.005,0.6378,569729.49,44854.097
20251016,0.787,0.799,0.785,0.799,0.789,0.01,1.2674,543599.96,43109.499
20251017,0.799,0.799,0.787,0.788,0.799,-0.011,-1.3767,473369.76,37507.017
20251020,0.788,0.792,0.782,0.784,0.788,-0.004,-0.5076,347508.32,27277.514
20251021,0.784,0.789,0.781,0.784,0.784,0.0,0.0,342812.83,26910.843
20251022,0.783,0.788,0.78,0.781,0.784,-0.003,-0.3827,282925.73,22140.896
20251023,0.778,0.785,0.775,0.784,0.781,0.003,0.3841,311084.18,24260.386
20251024,0.783,0.786,0.771,0.772,0.784,-0.012,-1.5306,722806.2,56163.13
20251027,0.771,0.776,0.768,0.772,0.772,0.0,0.0,471804.71,36426.238
20251028,0.777,0.779,0.772,0.774,0.772,0.002,0.2591,480982.12,37314.681
20251029,0.772,0.773,0.767,0.769,0.774,-0.005,-0.646,587252.83,45139.135
20251030,0.766,0.777,0.765,0.771,0.769,0.002,0.2601,461854.63,35635.747
20251031,0.768,0.785,0.766,0.781,0.771,0.01,1.297,731311.28,57071.424
20251103,0.778,0.787,0.773,0.783,0.781,0.002,0.2561,502197.04,39130.037
20251104,0.78,0.781,0.772,0.775,0.783,-0.008,-1.0217,365269.75,28318.336
20251105,0.772,0.777,0.767,0.771,0.775,-0.004,-0.5161,363326.54,28034.55
20251106,0.773,0.776,0.769,0.77,0.771,-0.001,-0.1297,394819.84,30476.429
20251107,0.768,0.772,0.768,0.769,0.77,-0.001,-0.1299,256414.2,19731.301
20251110,0.769,0.803,0.767,0.802,0.769,0.033,4.2913,1684979.01,133249.42
20251111,0.799,0.802,0.789,0.801,0.802,-0.001,-0.1247,753304.79,59901.774
20251112,0.8,0.808,0.798,0.8,0.801,-0.001,-0.1248,641925.53,51470.814
20251113,0.798,0.806,0.794,0.804,0.8,0.004,0.5,560254.82,44883.993
20251114,0.802,0.81,0.793,0.794,0.804,-0.01,-1.2438,637226.66,50922.549
20251117,0.791,0.798,0.784,0.794,0.794,0.0,0.0,360950.08,28535.191
20251118,0.793,0.8,0.789,0.792,0.794,-0.002,-0.2519,379272.23,30126.186
20251119,0.789,0.792,0.783,0.785,0.792,-0.007,-0.8838,345243.73,27133.222
20251120,0.786,0.793,0.782,0.785,0.785,0.0,0.0,300753.5,23640.588
20251121,0.782,0.792,0.773,0.777,0.785,-0.008,-1.0191,480159.29,37481.582
20251124,0.777,0.781,0.773,0.776,0.777,-0.001,-0.1287,412339.95,32028.402
20251125,0.778,0.778,0.77,0.776,0.776,0.0,0.0,406019.03,31424.62
20251126,0.776,0.779,0.773,0.777,0.776,0.001,0.1289,263041.62,20410.828
20251127,0.779,0.779,0.773,0.777,0.777,0.0,0.0,423254.03,32854.27
20251128,0.776,0.778,0.772,0.777,0.777,0.0,0.0,376232.39,29164.129
20251201,0.776,0.781,0.773,0.775,0.777,-0.002,-0.2574,320197.3,24851.7
20251202,0.776,0.776,0.768,0.769,0.775,-0.006,-0.7742,418252.24,32262.51
20251203,0.769,0.77,0.758,0.759,0.769,-0.01,-1.3004,587202.17,44740.223
20251204,0.757,0.76,0.744,0.745,0.759,-0.014,-1.8445,807171.71,60427.221
20251205,0.745,0.75,0.743,0.749,0.745,0.004,0.5369,384151.63,28701.127
20251208,0.748,0.75,0.741,0.742,0.749,-0.007,-0.9346,529811.55,39486.174
20251209,0.742,0.743,0.731,0.732,0.742,-0.01,-1.3477,548772.95,40342.649
20251210,0.731,0.739,0.726,0.735,0.732,0.003,0.4098,418127.43,30666.96
20251211,0.733,0.735,0.727,0.729,0.735,-0.006,-0.8163,362389.96,26492.622
20251212,0.732,0.743,0.73,0.733,0.729,0.004,0.5487,510113.27,37541.913
20251215,0.738,0.744,0.736,0.737,0.733,0.004,0.5457,498728.68,36940.004
20251216,0.735,0.736,0.731,0.734,0.737,-0.003,-0.4071,349169.81,25605.433
20251217,0.733,0.736,0.727,0.733,0.734,-0.001,-0.1362,261029.59,19098.232
20251218,0.734,0.734,0.729,0.729,0.733,-0.004,-0.5457,298566.01,21832.475
20251219,0.73,0.734,0.729,0.734,0.729,0.005,0.6859,300276.17,21979.396
20251222,0.733,0.736,0.732,0.734,0.734,0.0,0.0,287452.69,21100.483
20251223,0.734,0.734,0.727,0.728,0.734,-0.006,-0.8174,387223.94,28232.993
20251224,0.728,0.728,0.724,0.726,0.728,-0.002,-0.2747,314716.81,22833.669
20251225,0.727,0.737,0.726,0.734,0.726,0.008,1.1019,410493.62,30063.718
20251226,0.733,0.733,0.728,0.73,0.734,-0.004,-0.545,361537.96,26415.243
20251229,0.73,0.73,0.721,0.721,0.73,-0.009,-1.2329,511214.75,37034.794
20251230,0.721,0.722,0.717,0.718,0.721,-0.003,-0.4161,378682.14,27228.301
20251231,0.717,0.719,0.71,0.711,0.718,-0.007,-0.9749,526940.41,37563.39
20260105,0.709,0.724,0.709,0.722,0.711,0.011,1.5471,510302.05,36709.87
20260106,0.722,0.727,0.721,0.727,0.722,0.005,0.6925,481628.1,34866.256
20260107,0.727,0.728,0.722,0.725,0.727,-0.002,-0.2751,318756.68,23104.123
20260108,0.723,0.723,0.719,0.721,0.725,-0.004,-0.5517,336634.7,24252.806
20260109,0.722,0.728,0.721,0.724,0.721,0.003,0.4161,337265.79,24429.563
20260112,0.725,0.733,0.723,0.73,0.724,0.006,0.8287,695911.63,50748.819
20260113,0.73,0.733,0.724,0.726,0.73,-0.004,-0.5479,614166.0,44774.824
20260114,0.726,0.731,0.718,0.721,0.726,-0.005,-0.6887,618728.53,44852.088
20260115,0.72,0.723,0.714,0.715,0.721,-0.006,-0.8322,452397.62,32463.398
20260116,0.716,0.719,0.709,0.711,0.715,-0.004,-0.5594,638016.76,45446.674
20260119,0.71,0.712,0.707,0.708,0.711,-0.003,-0.4219,471783.59,33448.047
20260120,0.709,0.714,0.709,0.712,0.708,0.004,0.565,419887.44,29900.095
20260121,0.712,0.712,0.701,0.702,0.712,-0.01,-1.4045,814390.35,57359.593
20260122,0.702,0.705,0.698,0.698,0.702,-0.004,-0.5698,521405.37,36556.697
20260123,0.698,0.701,0.695,0.695,0.698,-0.003,-0.4298,589831.2,41165.175
20260126,0.694,0.694,0.682,0.686,0.695,-0.009,-1.295,1043883.81,71752.452
20260127,0.686,0.686,0.676,0.677,0.686,-0.009,-1.312,890814.09,60463.293
20260128,0.676,0.683,0.675,0.678,0.677,0.001,0.1477,681151.52,46185.679
20260129,0.678,0.746,0.677,0.746,0.678,0.068,10.0295,4032092.51,291200.807
20260130,0.754,0.754,0.708,0.713,0.746,-0.033,-4.4236,2660962.31,193565.158
20260202,0.706,0.746,0.703,0.725,0.713,0.012,1.683,1942872.93,141732.929
20260203,0.718,0.737,0.712,0.726,0.725,0.001,0.1379,1235387.63,89376.967
20260204,0.723,0.742,0.718,0.739,0.726,0.013,1.7906,1464043.31,107355.645
20260205,0.736,0.75,0.734,0.741,0.739,0.002,0.2706,1442479.9,107197.89
20260206,0.738,0.742,0.724,0.725,0.741,-0.016,-2.1592,899882.82,65564.875
20260209,0.72,0.73,0.719,0.726,0.725,0.001,0.1379,736127.98,53260.721
20260210,0.723,0.725,0.712,0.714,0.726,-0.012,-1.6529,834708.19,59668.039
20260211,0.713,0.716,0.709,0.712,0.714,-0.002,-0.2801,596971.01,42478.225
20260212,0.71,0.711,0.701,0.702,0.712,-0.01,-1.4045,722017.22,50868.099
20260213,0.703,0.709,0.701,0.702,0.702,0.0,0.0,463894.23,32680.562
20260224,0.706,0.709,0.692,0.694,0.702,-0.008,-1.1396,624125.71,43478.723
20260225,0.694,0.7,0.693,0.697,0.694,0.003,0.4323,465322.41,32397.932
20260226,0.695,0.696,0.686,0.687,0.697,-0.01,-1.4347,587016.6,40451.253
20260227,0.688,0.69,0.686,0.687,0.687,0.0,0.0,337241.47,23173.33
20260302,0.682,0.684,0.672,0.673,0.687,-0.014,-2.0378,984975.77,66610.93
20260303,0.671,0.688,0.666,0.674,0.673,0.001,0.1486,1060385.99,71617.855
20260304,0.669,0.669,0.655,0.657,0.674,-0.017,-2.5223,1041788.15,68797.857
20260305,0.659,0.661,0.655,0.656,0.657,-0.001,-0.1522,543187.28,35736.379
20260306,0.654,0.665,0.653,0.665,0.656,0.009,1.372,613599.7,40517.772
20260309,0.658,0.662,0.654,0.658,0.665,-0.007,-1.0526,479116.96,31538.134
20260310,0.659,0.662,0.658,0.661,0.658,0.003,0.4559,437297.91,28878.286
20260311,0.661,0.661,0.657,0.658,0.661,-0.003,-0.4539,376869.05,24820.113
20260312,0.657,0.661,0.655,0.659,0.658,0.001,0.152,521697.88,34314.77
20260313,0.658,0.668,0.654,0.666,0.659,0.007,1.0622,654409.41,43451.121
20260316,0.664,0.683,0.663,0.676,0.666,0.01,1.5015,775019.12,52321.59
20260317,0.674,0.682,0.67,0.674,0.676,-0.002,-0.2959,705832.2,47754.091
20260318,0.674,0.675,0.665,0.667,0.674,-0.007,-1.0386,490275.04,32718.006
20260319,0.662,0.664,0.656,0.657,0.667,-0.01,-1.4993,484262.07,31909.061
20260320,0.658,0.66,0.65,0.65,0.657,-0.007,-1.0654,465209.42,30446.0
20260323,0.647,0.648,0.63,0.632,0.65,-0.018,-2.7692,876797.07,55805.296
20260324,0.635,0.64,0.63,0.637,0.632,0.005,0.7911,340714.9,21631.638
20260325,0.638,0.64,0.633,0.639,0.637,0.002,0.314,338259.67,21584.496
20260326,0.638,0.641,0.631,0.632,0.639,-0.007,-1.0955,372853.44,23679.878
20260327,0.629,0.64,0.627,0.637,0.632,0.005,0.7911,303262.0,19273.79
20260330,0.632,0.643,0.631,0.639,0.637,0.002,0.314,380666.9,24210.558
20260331,0.649,0.656,0.64,0.641,0.639,0.002,0.313,593359.99,38507.394
20260401,0.64,0.65,0.638,0.647,0.641,0.006,0.936,444532.84,28645.95
20260402,0.645,0.65,0.643,0.648,0.647,0.001,0.1546,395340.87,25566.349
20260403,0.648,0.648,0.635,0.637,0.648,-0.011,-1.6975,375760.27,24038.089
20260407,0.637,0.64,0.631,0.635,0.637,-0.002,-0.314,293835.35,18646.797
20260408,0.639,0.643,0.638,0.643,0.635,0.008,1.2598,805952.67,51666.709
20260409,0.641,0.641,0.631,0.632,0.643,-0.011,-1.7107,642758.24,40723.791
20260410,0.633,0.635,0.631,0.634,0.632,0.002,0.3165,360789.86,22859.846
20260413,0.632,0.632,0.626,0.632,0.634,-0.002,-0.3155,486696.54,30568.08
20260414,0.631,0.637,0.629,0.636,0.632,0.004,0.6329,433213.57,27407.941
20260415,0.636,0.641,0.633,0.639,0.636,0.003,0.4717,448302.27,28595.004
20260416,0.638,0.642,0.637,0.641,0.639,0.002,0.313,448601.82,28708.229
20260417,0.633,0.633,0.628,0.629,0.641,-0.012,-1.8721,905774.88,57060.291
20260420,0.628,0.631,0.626,0.629,0.629,0.0,0.0,410026.92,25783.37
20260421,0.629,0.633,0.626,0.627,0.629,-0.002,-0.318,399030.03,25075.224
20260422,0.627,0.627,0.622,0.625,0.627,-0.002,-0.319,522716.36,32614.443
20260423,0.625,0.641,0.625,0.636,0.625,0.011,1.76,1060640.6,67436.816
20260424,0.633,0.642,0.63,0.639,0.636,0.003,0.4717,679349.14,43280.685
20260427,0.635,0.635,0.626,0.627,0.639,-0.012,-1.8779,720112.07,45252.798
20260428,0.626,0.629,0.622,0.625,0.627,-0.002,-0.319,471788.94,29510.381
20260429,0.623,0.632,0.622,0.63,0.625,0.005,0.8,582083.87,36639.631
20260430,0.628,0.633,0.625,0.627,0.63,-0.003,-0.4762,440114.81,27625.182
20260506,0.619,0.621,0.611,0.616,0.627,-0.011,-1.7544,1107626.05,68129.324
20260507,0.616,0.623,0.616,0.619,0.616,0.003,0.487,625144.46,38758.777
20260508,0.618,0.619,0.615,0.616,0.619,-0.003,-0.4847,349128.94,21536.818
20260511,0.616,0.618,0.612,0.616,0.616,0.0,0.0,521608.02,32063.37
20260512,0.615,0.616,0.606,0.606,0.616,-0.01,-1.6234,1161090.06,70696.18
20260513,0.606,0.608,0.596,0.596,0.606,-0.01,-1.6502,1010510.98,60555.562
20260514,0.596,0.615,0.593,0.601,0.596,0.005,0.8389,1223757.25,73588.378
20260515,0.597,0.597,0.586,0.588,0.601,-0.013,-2.1631,1058244.58,62468.021
20260518,0.587,0.589,0.578,0.58,0.588,-0.008,-1.3605,819665.06,47715.649
20260519,0.581,0.589,0.581,0.582,0.58,0.002,0.3448,585894.87,34256.469
20260520,0.58,0.588,0.578,0.584,0.582,0.002,0.3436,520131.19,30399.967
20260521,0.583,0.591,0.581,0.583,0.584,-0.001,-0.1712,750277.44,43995.626
20260522,0.582,0.583,0.57,0.57,0.583,-0.013,-2.2298,1171604.81,67202.729
20260525,0.57,0.584,0.565,0.575,0.57,0.005,0.8772,1280693.12,73865.987
20260526,0.572,0.582,0.569,0.572,0.575,-0.003,-0.5217,650546.87,37370.662
20260527,0.568,0.595,0.563,0.584,0.572,0.012,2.0979,1579929.98,91371.124
20260528,0.579,0.579,0.567,0.569,0.584,-0.015,-2.57,895921.41,51266.7659
20260529,0.566,0.592,0.566,0.587,0.569,0.018,3.16,1627916.97,94913.4616
20260601,0.583,0.586,0.577,0.584,0.587,-0.003,-0.51,689886.42,40054.5096
20260602,0.581,0.588,0.573,0.575,0.584,-0.009,-1.54,1007959.45,58214.0683
20260603,0.572,0.574,0.562,0.569,0.575,-0.006,-1.04,1282735.03,72628.1368
20260604,0.566,0.572,0.556,0.556,0.569,-0.013,-2.29,928450.03,52168.9661
20260605,0.557,0.566,0.556,0.556,0.556,0.0,0.0,740781.69,41515.0505
20260608,0.554,0.56,0.544,0.546,0.556,-0.01,-1.8,883396.46,48578.1541
20260609,0.544,0.545,0.536,0.538,0.546,-0.008,-1.47,760991.43,41023.4476
20260610,0.538,0.546,0.537,0.544,0.538,0.006,1.12,719199.26,39078.5661
20260611,0.542,0.545,0.537,0.543,0.544,-0.001,-0.18,476181.29,25738.0618
20260612,0.542,0.551,0.539,0.548,0.543,0.005,0.92,615808.8,33698.3101
20260615,0.548,0.549,0.542,0.546,0.548,-0.002,-0.37,450534.84,24571.5829
20260616,0.545,0.545,0.534,0.536,0.546,-0.01,-1.83,704355.66,37872.7296
20260617,0.537,0.538,0.527,0.534,0.536,-0.002,-0.37,819503.33,43512.3915
20260618,0.53,0.531,0.52,0.526,0.534,-0.008,-1.5,873586.34,45820.1139
20260622,0.522,0.533,0.517,0.527,0.526,0.001,0.19,945386.64,49547.0674
20260623,0.524,0.534,0.516,0.518,0.527,-0.009,-1.71,899285.18,47149.832
20260624,0.517,0.524,0.506,0.507,0.518,-0.011,-2.12,962978.32,49310.5227
20260625,0.504,0.521,0.502,0.516,0.507,0.009,1.78,1276793.15,65358.4113
20260626,0.516,0.52,0.501,0.502,0.516,-0.014,-2.71,947397.74,48215.1483
20260629,0.501,0.52,0.49,0.509,0.502,0.007,1.39,1197693.33,60551.3716
20260630,0.504,0.512,0.498,0.506,0.509,-0.003,-0.59,792030.06,39826.0169
20260701,0.503,0.518,0.5,0.514,0.506,0.008,1.58,922012.89,47117.1889
20260702,0.51,0.52,0.506,0.511,0.514,-0.003,-0.58,839903.51,42924.6153
20260703,0.511,0.519,0.507,0.512,0.511,0.001,0.2,738007.6,37815.6938
20260706,0.51,0.522,0.507,0.517,0.512,0.005,0.98,950235.56,49099.1115
20260707,0.516,0.516,0.502,0.503,0.517,-0.014,-2.71,863289.0,43808.7873
20260708,0.503,0.508,0.498,0.504,0.503,0.001,0.2,657294.01,33056.3016
20260709,0.501,0.505,0.495,0.496,0.504,-0.008,-1.59,657891.23,32754.3759
20260710,0.494,0.512,0.491,0.512,0.496,0.016,3.23,1234173.1,62305.6267
